name,time (seconds)
test_cor,850.8973128795624
log_reg,2.1137771606445312
svm_linear,2.1734819412231445
svm_poly_2,3.143026828765869
svm_poly_3,3.956731081008911
svm_poly_4,4.844135284423828
vif,179.52501606941223
log_reg,2.8812921047210693
svm_poly_2,3.259683847427368
svm_poly_3,3.9752602577209473
svm_poly_4,4.437726020812988
