name,time (seconds)
log_reg,2.8998568058013916
svm_linear,8.19550895690918
svm_poly_2,15.321249723434448
svm_poly_3,14.063421964645386
svm_poly_4,18.5807101726532
