name,time (seconds)
_pca,99.11683201789856
svm_linear_model,92.37096500396729
svm_poly_2,123.72476816177368
svm_poly_3,172.16241192817688
svm_poly_4,173.38392996788025
