name,time (seconds)
log_reg,7.8912131786346436
svm_poly,188.70821118354797
svm_poly_2,210.46755695343018
svm_poly_3,269.93255496025085
svm_poly_4,145.21395468711853
