feature_mean_model_times,,
name,time (seconds),training score,testing score
log_reg,3.53159499168396,100.0,97.0
svm_linear,8.274698972702026,100.0,97.0
svm_poly_2,49.31438112258911,99.15,97.39999999999999
svm_poly_3,35.042227268218994,98.21666666666667,95.8
svm_poly_4,43.08273005485535,96.15,93.89999999999999
