PCA_model_times,,
name,time (seconds),training score,testing score
pca,95.85758376121521,0,0
log_reg,89.49584102630615,100.0,96.3
svm_linear_model,96.0925886631012,100.0,96.2
svm_poly_2,127.30701088905334,99.9,96.89999999999999
svm_poly_3,127.12829804420471,99.85000000000001,96.0
svm_poly_4,138.59603881835938,99.53333333333333,80.2
